[
    {
      "employeeCode": "12156908",
      "employeeName": "Lakshya",
      "location": "greater noida",
      "localHr": "sushil",
      "localCso": "sunil",
      "ouCode": "320",
      "ccCode": "345",
      "companyCode": "345454",
      "designation": "developer",
      "supervisor": "10150000",
      "supervisorEmailId":"paporidutta23@gmail.com",
      "dateofTransfer": "12/3/2017",
      "assetCode": "456",
      "supervisorName":"papori",
      "EmployeeEmailId":"lakshyamathur20@gmail.com",
      "pacode":"123",
      "psacode":"456"
      
    },
    {
      
        "employeeCode": "12156955",
        "employeeName": "Anupma",
        "location": "greater noida",
        "localHr": "sushil",
        "localCso": "sunil",
        "ouCode": "320",
        "ccCode": "345",
        "companyCode": "345454",
        "designation": "developer",
        "supervisor": "10150000",
        "supervisorEmailId":"paporidutta23@gmail.com",
        "dateofTransfer": "11/3/2017",
        "assetCode": "456",
        "supervisorName":"papori",
        "EmployeeEmailId":"anupmabarol96@gmail.com",
        "pacode":"123",
        "psacode":"456"
    },
    {
        
          "employeeCode": "12156956",
          "employeeName": "anita",
          "location": "greater noida",
          "localHr": "sushil",
          "localCso": "sunil",
          "ouCode": "320",
          "ccCode": "345",
          "companyCode": "345454",
          "designation": "developer",
          "supervisor": "10150000",
          "supervisorEmailId":"paporidutta23@gmail.com",
          "dateofTransfer": "6/3/2017",
          "assetCode": "456",
          "supervisorName":"papori",
          "EmployeeEmailId":"anita@niit-tech.com",
          "pacode":"123",
          "psacode":"456"
      },
      {
        
          "employeeCode": "12156957",
          "employeeName": "Lakshay",
          "location": "greater noida",
          "localHr": "sushil",
          "localCso": "sunil",
          "ouCode": "320",
          "ccCode": "345",
          "companyCode": "345454",
          "designation": "developer",
          "supervisor": "10150000",
          "supervisorEmailId":"paporidutta23@gmail.com",
          "dateofTransfer": "8/3/2017",
          "assetCode": "456",
          "supervisorName":"papori",
          "EmployeeEmailId":"lakshay@niit-tech.com",
          "pacode":"123",
          "psacode":"456"
      },
      {
        
          "employeeCode": "12156958",
          "employeeName": "dheerendra",
          "location": "greater noida",
          "localHr": "sushil",
          "localCso": "sunil",
          "ouCode": "320",
          "ccCode": "345",
          "companyCode": "345454",
          "designation": "developer",
          "supervisor": "10150000",
          "supervisorEmailId":"paporidutta23@gmail.com",
          "dateofTransfer": "3/3/2017",
          "assetCode": "456",
          "supervisorName":"papori",
          "EmployeeEmailId":"anita@niit-tech.com",
          "pacode":"123",
          "psacode":"456"
      },
      {
        
          "employeeCode": "12156959",
          "employeeName": "ishu",
          "location": "greater noida",
          "localHr": "sushil",
          "localCso": "sunil",
          "ouCode": "320",
          "ccCode": "345",
          "companyCode": "345454",
          "designation": "developer",
          "supervisor": "10150000",
          "EmployeeName":"papori",
          "supervisorEmailId":"paporidutta23@gmail.com",
          "dateofTransfer": "1/3/2017",
          "assetCode": "456",
          "supervisorName":"papori",
          "EmployeeEmailId":"tripathiishu16@gmail.com",
          "pacode":"123",
          "psacode":"456"
      },
      {
        
          "employeeCode": "12156960",
          "employeeName": "Kajal",
          "location": "greater noida",
          "localHr": "sushil",
          "localCso": "sunil",
          "ouCode": "320",
          "ccCode": "345",
          "companyCode": "345454",
          "designation": "developer",
          "supervisor": "10150000",
          "EmployeeName":"papori",
          "supervisorEmailId":"paporidutta23@gmail.com",
          "dateofTransfer": "1/3/2017",
          "assetCode": "456",
          "supervisorName":"papori",
          "EmployeeEmailId":"anita@niit-tech.com",
          "pacode":"123",
          "psacode":"456"
      },
      {
        
          "employeeCode": "12156961",
          "employeeName": "anupma",
          "location": "greater noida",
          "localHr": "sushil",
          "localCso": "sunil",
          "ouCode": "320",
          "ccCode": "345",
          "companyCode": "345454",
          "designation": "developer",
          "supervisor": "10150000",
          "supervisorEmailId":"paporidutta23@gmail.com",
          "dateofTransfer": "5/3/2017",
          "assetCode": "456",
          "supervisorName":"papori",
          "EmployeeEmailId":"anita@niit-tech.com",
          "pacode":"123",
          "psacode":"456"
      },
      {
        
          "employeeCode": "12156962",
          "employeeName": "alruba",
          "location": "greater noida",
          "localHr": "sushil",
          "localCso": "sunil",
          "ouCode": "320",
          "ccCode": "345",
          "companyCode": "345454",
          "designation": "developer",
          "supervisor": "10150000",
          "supervisorEmailId":"paporidutta23@gmail.com",
          "dateofTransfer": "2/3/2017",
          "assetCode": "456",
          "supervisorName":"alruba",
          "EmployeeEmailId":"anita@niit-tech.com",
          "pacode":"123",
          "psacode":"456"
      },
      {
        
          "employeeCode": "12156963",
          "employeeName": "shubham",
          "location": "greater noida",
          "localHr": "sushil",
          "localCso": "sunil",
          "ouCode": "320",
          "ccCode": "345",
          "companyCode": "345454",
          "designation": "developer",
          "supervisor": "10150000",
          "supervisorEmailId":"paporidutta23@gmail.com",
          "dateofTransfer": "7/3/2017",
          "assetCode": "456",
          "supervisorName":"papori",
          "EmployeeEmailId":"anita@niit-tech.com",
          "pacode":"123",
          "psacode":"456"
      },
      {
        
          "employeeCode": "12156964",
          "employeeName": "shubhang",
          "location": "greater noida",
          "localHr": "sushil",
          "localCso": "sunil",
          "ouCode": "320",
          "ccCode": "345",
          "companyCode": "345454",
          "designation": "developer",
          "supervisor": "10150000",
          "supervisorEmailId":"paporidutta23@gmail.com",
          "dateofTransfer": "8/3/2017",
          "assetCode": "456",
          "supervisorName":"papori",
          "EmployeeEmailId":"shubham.5.singh@niit-tech.com",
          "pacode":"123",
          "psacode":"456"
      }
    
    ]