[{

    "assetCode": 9877,
    "employeeCode": 121, 
    "companyCode": 34754,
    "description": "laptop",
    "quantity": 1,
    "location": "delhi",
    "capitalisationDate": "12/032017",
    "assetStatus": "pending",
    "assigntoEmailId": "er.alruba2017@gmail.com",
    "assignedto":193503
},
{

    "assetCode": 9876,
    "employeeCode": 121,  
    "companyCode": 34754,
    "description": "laptop",
    "quantity": 1,
    "location": "delhi",
    "capitalisationDate": "12/032017",
    "assetStatus": "pending",
    "assigntoEmailId": "paporidutta23@gmail.com",
    "assignedto":193503
},
{

    "assetCode": 9877,
    "employeeCode": 121, 
    "companyCode": 34754,
    "description": "laptop",
    "quantity": 1,
    "location": "delhi",
    "capitalisationDate": "12/032017",
    "assetStatus": "pending",
    "assigntoEmailId": "destroyer5191445@gmail.com",
    "assignedto":193503
},
{

    "assetCode": 9878,
    "employeeCode": 121,  
    "companyCode": 34754,
    "description": "laptop",
    "quantity": 1,
    "location": "delhi",
    "capitalisationDate": "12/032017",
    "assetStatus": "pending",
    "assigntoEmailId": "tripathiishu16@gmail.com",
    "assignedto":193503
},
{
   
    "assetCode": 9879,
    "employeeCode": 121, 
    "companyCode": 34754,
    "description": "laptop",
    "quantity": 1,
    "location": "delhi",
    "capitalisationDate": "12/032017",
    "assetStatus": "pending",
    "assigntoEmailId": "dhirubhai5191445@gmail.com",
    "assignedto":193503
},
{
  
    "assetCode": 9880,
    "employeeCode": 121,   
    "companyCode": 34754,
    "description": "laptop",
    "quantity": 1,
    "location": "delhi",
    "capitalisationDate": "12/032017",
    "assetStatus": "pending",
    "assigntoEmailId": "dhiru5191445@gmail.com",
    "assignedto":193503
},
{
   
    "assetCode": 9881,
    "employeeCode": 121,
    "companyCode": 34754,
    "description": "laptop",
    "quantity": 1,
    "location": "delhi",
    "capitalisationDate": "12/032017",
    "assetStatus": "pending",
    "assigntoEmailId": "sharmakajal10@gmail.com",
    "assignedto":193503
},
{

    "assetCode": 9882,
    "employeeCode": 121,
    "companyCode": 34754,
    "description": "laptop",
    "quantity": 1,
    "location": "delhi",
    "capitalisationDate": "12/032017",
    "assetStatus": "pending",
    "assigntoEmailId": "lakshyamathur20@gmail.com",
    "assignedto":193503
},
{
  
    "assetCode": 9883,
    "employeeCode": 121, 
    "companyCode": 34754,
    "description": "laptop",
    "quantity": 1,
    "location": "delhi",
    "capitalisationDate": "12/032017",
    "assetStatus": "pending",
    "assigntoEmailId": "11neelmani@gmail.com",
    "assignedto":193503
},
{
  
    "assetCode": 9884,
    "employeeCode": 121, 
    "companyCode": 34754,
    "description": "laptop",
    "quantity": 1,
    "location": "delhi",
    "capitalisationDate": "12/032017",
    "assetStatus": "pending",
    "assigntoEmailId": "kewaleparam0204@gmail.com",
    "assignedto":193503
}
]
