[
    {
      "employeeCode": "121",
      "employeeName": "ravi",
      "location": "greater noida",
      "localHr": "sushil",
      "localCso": "sunil",
      "ouCode": "320",
      "ccCode": "345",
      "companyCode": "345454",
      "designation": "developer",
      "supervisor": "101",
      "supervisorEmailId":"surrendra@niit-tech.com",
      "dateofTransfer": "12/3/2017",
      "assetCode": "456",
      "supervisorName":"suresh",
      "EmployeeEmailId":"ravi@niit-tech.com",
      "pacode":"123",
      "psacode":"456"
      
    },
    {
      
        "employeeCode": "193494",
        "employeeName": "aniket",
        "location": "greater noida",
        "localHr": "sushil",
        "localCso": "sunil",
        "ouCode": "320",
        "ccCode": "345",
        "companyCode": "345454",
        "designation": "developer",
        "supervisor": "101",
        "supervisorEmailId":"surrendra@niit-tech.com",
        "dateofTransfer": "12/3/2017",
        "assetCode": "456",
        "supervisorName":"suresh",
        "EmployeeEmailId":"aniket@niit-tech.com",
        "pacode":"123",
        "psacode":"456"
    },
    {
        
          "employeeCode": "193495",
          "employeeName": "anita",
          "location": "greater noida",
          "localHr": "sushil",
          "localCso": "sunil",
          "ouCode": "320",
          "ccCode": "345",
          "companyCode": "345454",
          "designation": "developer",
          "supervisor": "101",
          "supervisorEmailId":"surrendra@niit-tech.com",
          "dateofTransfer": "12/3/2017",
          "assetCode": "456",
          "supervisorName":"suresh",
          "EmployeeEmailId":"anita@niit-tech.com",
          "pacode":"123",
          "psacode":"456"
      },
      {
        
          "employeeCode": "193496",
          "employeeName": "Lakshay",
          "location": "greater noida",
          "localHr": "sushil",
          "localCso": "sunil",
          "ouCode": "320",
          "ccCode": "345",
          "companyCode": "345454",
          "designation": "developer",
          "supervisor": "101",
          "supervisorEmailId":"surrendra@niit-tech.com",
          "dateofTransfer": "12/3/2017",
          "assetCode": "456",
          "supervisorName":"suresh",
          "EmployeeEmailId":"lakshay@niit-tech.com",
          "pacode":"123",
          "psacode":"456"
      },
      {
        
          "employeeCode": "193497",
          "employeeName": "dheerendra",
          "location": "greater noida",
          "localHr": "sushil",
          "localCso": "sunil",
          "ouCode": "320",
          "ccCode": "345",
          "companyCode": "345454",
          "designation": "developer",
          "supervisor": "101",
          "supervisorEmailId":"dheerendra@niit-tech.com",
          "dateofTransfer": "12/3/2017",
          "assetCode": "456",
          "supervisorName":"suresh",
          "EmployeeEmailId":"anita@niit-tech.com",
          "pacode":"123",
          "psacode":"456"
      },
      {
        
          "employeeCode": "193498",
          "employeeName": "ishu",
          "location": "greater noida",
          "localHr": "sushil",
          "localCso": "sunil",
          "ouCode": "320",
          "ccCode": "345",
          "companyCode": "345454",
          "designation": "developer",
          "supervisor": "101",
          "EmployeeName":"suresh",
          "supervisorEmailId":"ishu@niit-tech.com",
          "dateofTransfer": "12/3/2017",
          "assetCode": "456",
          "supervisorName":"suresh",
          "EmployeeEmailId":"anita@niit-tech.com",
          "pacode":"123",
          "psacode":"456"
      },
      {
        
          "employeeCode": "193499",
          "employeeName": "Kajal",
          "location": "greater noida",
          "localHr": "sushil",
          "localCso": "sunil",
          "ouCode": "320",
          "ccCode": "345",
          "companyCode": "345454",
          "designation": "developer",
          "supervisor": "101",
          "EmployeeName":"suresh",
          "supervisorEmailId":"kajal@niit-tech.com",
          "dateofTransfer": "12/3/2017",
          "assetCode": "456",
          "supervisorName":"suresh",
          "EmployeeEmailId":"anita@niit-tech.com",
          "pacode":"123",
          "psacode":"456"
      },
      {
        
          "employeeCode": "193500",
          "employeeName": "anupma",
          "location": "greater noida",
          "localHr": "sushil",
          "localCso": "sunil",
          "ouCode": "320",
          "ccCode": "345",
          "companyCode": "345454",
          "designation": "developer",
          "supervisor": "101",
          "supervisorEmailId":"anu@niit-tech.com",
          "dateofTransfer": "12/3/2017",
          "assetCode": "456",
          "supervisorName":"suresh",
          "EmployeeEmailId":"anita@niit-tech.com",
          "pacode":"123",
          "psacode":"456"
      },
      {
        
          "employeeCode": "193501",
          "employeeName": "alruba",
          "location": "greater noida",
          "localHr": "sushil",
          "localCso": "sunil",
          "ouCode": "320",
          "ccCode": "345",
          "companyCode": "345454",
          "designation": "developer",
          "supervisor": "101",
          "supervisorEmailId":"alruba@niit-tech.com",
          "dateofTransfer": "12/3/2017",
          "assetCode": "456",
          "supervisorName":"suresh",
          "EmployeeEmailId":"anita@niit-tech.com",
          "pacode":"123",
          "psacode":"456"
      },
      {
        
          "employeeCode": "193502",
          "employeeName": "shubham",
          "location": "greater noida",
          "localHr": "sushil",
          "localCso": "sunil",
          "ouCode": "320",
          "ccCode": "345",
          "companyCode": "345454",
          "designation": "developer",
          "supervisor": "101",
          "supervisorEmailId":"shubham@niit-tech.com",
          "dateofTransfer": "12/3/2017",
          "assetCode": "456",
          "supervisorName":"suresh",
          "EmployeeEmailId":"anita@niit-tech.com",
          "pacode":"123",
          "psacode":"456"
      },
      {
        
          "employeeCode": "193503",
          "employeeName": "papori",
          "location": "greater noida",
          "localHr": "sushil",
          "localCso": "sunil",
          "ouCode": "320",
          "ccCode": "345",
          "companyCode": "345454",
          "designation": "developer",
          "supervisor": "101",
          "supervisorEmailId":"papori@niit-tech.com",
          "dateofTransfer": "12/3/2017",
          "assetCode": "456",
          "supervisorName":"suresh",
          "EmployeeEmailId":"anita@niit-tech.com",
          "pacode":"123",
          "psacode":"456"
      }
    ]